859be0,192.168.10.1,GET,http://silex.app/hotels/,1475569554,,200
313926,192.168.10.1,GET,http://silex.app/hotels/,1475569566,,200
f243aa,192.168.10.1,GET,http://silex.app/hotels/,1475569567,,200
191ea2,192.168.10.1,GET,http://silex.app/hotels/,1475570116,,200
8cdb4c,192.168.10.1,GET,http://silex.app/,1475570214,,404
734324,192.168.10.1,GET,http://silex.app/hotels,1475570221,,301
dbe163,192.168.10.1,GET,http://silex.app/hotels/,1475570221,,200
cd0a13,192.168.10.1,GET,http://silex.app/hotels/,1475570550,,200
f6d77c,192.168.10.1,GET,http://silex.app/hotels/,1475570551,,200
b334f1,192.168.10.1,GET,http://silex.app/hotels/,1475570553,,200
4b32c6,192.168.10.1,GET,http://silex.app/hotels/,1475570554,,200
b5aad1,192.168.10.1,GET,http://silex.app/hotels/,1475570555,,200
32f875,192.168.10.1,GET,http://silex.app/hotels/,1475570556,,200
f5e8ec,192.168.10.1,GET,http://silex.app/hotels/,1475570557,,200
09a1b7,192.168.10.1,GET,http://silex.app/hotels/,1475570561,,200
9b63c5,192.168.10.1,GET,http://silex.app/hotels/,1475570562,,200
43e397,192.168.10.1,GET,http://silex.app/hotels/,1475570562,,200
b29627,192.168.10.1,GET,http://silex.app/hotels/,1475570563,,200
71e8ee,192.168.10.1,GET,http://silex.app/hotels/,1475570564,,200
1aa429,192.168.10.1,GET,http://silex.app/hotels/,1475570565,,200
e2c567,192.168.10.1,GET,http://silex.app/hotels/,1475570566,,200
235023,192.168.10.1,GET,http://silex.app/hotels/,1475570567,,200
cb826e,192.168.10.1,GET,http://silex.app/hotels/,1475570568,,200
3863f0,192.168.10.1,GET,http://silex.app/hotels/,1475570569,,200
2fcf27,192.168.10.1,GET,http://silex.app/hotels/,1475570570,,200
e5c6b0,192.168.10.1,GET,http://silex.app/hotels/,1475570571,,200
a693e0,192.168.10.1,GET,http://silex.app/hotels/,1475570572,,200
07b1c2,192.168.10.1,GET,http://silex.app/hotels/,1475570573,,200
9be559,192.168.10.1,GET,http://silex.app/hotels/,1475570574,,200
995b70,192.168.10.1,GET,http://silex.app/hotels/,1475570575,,200
ff5188,192.168.10.1,GET,http://silex.app/hotels/,1475570576,,200
a36229,192.168.10.1,GET,http://silex.app/hotels/,1475571115,,200
9a0f95,192.168.10.1,GET,http://silex.app/,1475571952,,404
d280ca,192.168.10.1,GET,http://silex.app/,1475571954,,404
7c2e43,192.168.10.1,GET,http://silex.app/hotels,1475571956,,301
cd5c0a,192.168.10.1,GET,http://silex.app/hotels/,1475571956,,200
fe1dee,192.168.10.1,GET,http://silex.app/hotels/,1475571958,,200
95ad0b,192.168.10.1,GET,http://silex.app/hotels/,1475571959,,200
38b016,192.168.10.1,GET,http://silex.app/hotels/,1475571960,,200
e1aafb,192.168.10.1,GET,http://silex.app/hotels/,1475571961,,200
aaf635,192.168.10.1,GET,http://silex.app/hotels/,1475571962,,200
629f30,192.168.10.1,GET,http://silex.app/hotels/,1475571962,,200
3e4e7b,192.168.10.1,GET,http://silex.app/hotels/,1475572152,,200
ceec9c,192.168.10.1,GET,http://silex.app/hotels/,1475572154,,200
4e34a4,192.168.10.1,GET,http://silex.app/hotels/,1475572156,,200
94e324,192.168.10.1,GET,http://silex.app/hotels/,1475572157,,200
76c6f5,192.168.10.1,GET,http://silex.app/hotels/,1475572167,,200
c863c7,192.168.10.1,GET,http://silex.app/hotels/,1475572167,,200
b51b50,192.168.10.1,GET,http://silex.app/hotels/,1475572168,,200
6a207c,192.168.10.1,GET,http://silex.app/hotels/,1475572169,,200
1617e3,192.168.10.1,GET,http://silex.app/hotels/,1475572441,,200
37992f,192.168.10.1,GET,http://silex.app/hotels/,1475572442,,200
2e6ef7,192.168.10.1,GET,http://silex.app/hotels/,1475572444,,200
374c37,192.168.10.1,GET,http://silex.app/hotels/,1475573343,,200
f6be8c,192.168.10.1,GET,http://silex.app/hotels/,1475573345,,200
c5c0a9,192.168.10.1,GET,http://silex.app/hotels/,1475573346,,200
0a4d9e,192.168.10.1,GET,http://silex.app/hotels/,1475573347,,200
1e57ff,192.168.10.1,GET,http://silex.app/hotels/,1475573348,,200
bba593,192.168.10.1,GET,http://silex.app/hotels/,1475573349,,200
788947,192.168.10.1,GET,http://silex.app/hotels/,1475573409,,200
c38b32,192.168.10.1,GET,http://silex.app/hotels/,1475573413,,200
142370,192.168.10.1,GET,http://silex.app/hotels/,1475573510,,200
929519,192.168.10.1,GET,http://silex.app/hotels/,1475573662,,200
2bc323,192.168.10.1,GET,http://silex.app/,1475573820,,404
103d16,192.168.10.1,GET,http://silex.app/hotels,1475573823,,301
cc32d3,192.168.10.1,GET,http://silex.app/hotels/,1475573940,,200
e35f90,192.168.10.1,GET,http://silex.app/hotels/,1475573979,,200
23c7e3,192.168.10.1,GET,http://silex.app/hotels/,1475574156,,200
0fe132,192.168.10.1,GET,http://silex.app/hotels/,1475574164,,200
fba776,192.168.10.1,GET,http://silex.app/hotels/,1475574170,,200
cd47ca,192.168.10.1,GET,http://silex.app/hotels/,1475574186,,200
d15858,192.168.10.1,GET,http://silex.app/hotels/,1475574511,,200
68cf49,192.168.10.1,GET,http://silex.app/hotels/,1475574514,,200
f53576,192.168.10.1,GET,http://silex.app/hotels/,1475574526,,200
5c8001,192.168.10.1,GET,http://silex.app/hotels/,1475574534,,200
9f1808,192.168.10.1,GET,http://silex.app/hotels/,1475574535,,200
ea302a,192.168.10.1,GET,http://silex.app/hotels/,1475574536,,200
e713fc,192.168.10.1,GET,http://silex.app/hotels/,1475574537,,200
7430fa,192.168.10.1,GET,http://silex.app/hotels/,1475574537,,200
7dcc7e,192.168.10.1,GET,http://silex.app/hotels/,1475574538,,200
b9f2ca,192.168.10.1,GET,http://silex.app/hotels/,1475574539,,200
85c06f,192.168.10.1,GET,http://silex.app/hotels,1475574619,,301
9a14a4,192.168.10.1,GET,http://silex.app/hotels/,1475574619,,200
bd75ac,192.168.10.1,GET,http://silex.app/hotels/,1475574621,,200
bfee68,192.168.10.1,GET,http://silex.app/hotels/,1475574622,,200
ee607a,192.168.10.1,GET,http://silex.app/hotels/,1475574638,,200
40eb3a,192.168.10.1,GET,http://silex.app/hotels/,1475574748,,200
1ea908,192.168.10.1,GET,http://silex.app/hotels/,1475574769,,200
3bec4c,192.168.10.1,GET,http://silex.app/hotels/,1475574790,,200
2b8dba,192.168.10.1,GET,http://silex.app/hotels/,1475574791,,200
